"name","category","version","sha256"
"XMRig","cryptominer","6.21.0-linux-x64","92dcc363ed05c5e4ae9008f7d0d41b1ad1ae9caead9d4f3598c566b185078b4b"
"XMRig","cryptominer","6.21.0-linux-static-x64","364a7f8e3701a340400d77795512c18f680ee67e178880e1bb1fcda36ddbc12c"
"XMRig","cryptominer","6.21.2-linux-static-x64","02a24a0fcb783ca93fb3420765e4a1bf3f49d233e2cff074549cb2058a1d8ac5"
"XMRig","cryptominer","6.20.0-linux-x64","01c6c81abf1206caf6c4004bae8c4999624228c8b1ce7514503e4150c10c21b5"
"XMRig","cryptominer","6.20.0-linux-x64","20a0864cb7dac55c184bd86e45a6e0acbd4bb19aa29840b824d369de710b6152"
"XMRig","cryptominer","6.20.0-bionic-x64","3cb5c7cb4f9d6d79aa4349be0de63537ed1723f584ce637f8d68bccccbeed103"
"XMRig","cryptominer","","22938454deeb03c75e12f90f6131e24dca4418c4aeb6c78f6e3c25aafcb2c631"
"Rathole","hacking","","d2202f2aa3a432135bddbe1c6104600c6577cd4507a70e77c08741c7ad879926"
"Nezha","hacking","","37669855e9811863ca01a6987a570bb1ddbad1a8d50f494e22576f0096a2f1ff"
"Nezha","hacking","","4783411caceee4ff86eebca1f938e542535c9075eda654de52ce13528bf5d5a5"
"Nezha","hacking","0.14.8","87a2ca6ad988b3b4a42430496f25e3c0e753101260ff7f3904d3cb8bf12b2362"
"Teldrive,"filesharing","teldrive/server:1.0.8","f57a8e9efe355114ca9c444ac9eb179f8a11cec1ebbc1c4328635a238b5da468"
"Teldrive,"filesharing","teldrive/server.1.0.8","bd18b990b5c0e530de78744c366d44d3d5db267db71b76e6cc15974dcb646d1b"
"Teldrive,"filesharing","1.0.8-linux-amd64","8087beffac4f5a860cf4a283edfac37e0adfb208f7aad7d2dbf291f513f6a109"